iter	RMSE
0	839.4022581
1	825.4788909
